Județ,Nume Unități,Latitude,Longitude,Tip
Alba,"Școala Gimnazială ""Avram Iancu"" Alba Iulia, din mun. Alba Iulia, județul Alba",460.623.309,23.578.772,Școală Gimnazială
Alba,"Școala Gimnazială ""Axente Sever"" Aiud, județul Alba",463.087.347,237.296.554,Școală Gimnazială
Alba,"Școală Gimnazială ""Mihai Eminescu"" Alba Iulia, Județul Alba",46.075.334,235.600.589,Școală Gimnazială
Alba,"Liceul Tehnologic Sebeș, Județul Alba",459.573.864,235.649.436,Liceul
Arad,"Colegiul ""Csiky Gergely” Arad, județul Arad",461.711.839,213.068.682,Colegiu
Argeş,"Grădinița cu program prelungit ""Academia Piticilor"" structura nr.2, judeţul Argeş",450.722.527,248.142.726,Gradiniță
Argeș,"Colegiul Tehnic ""Costin D. Nenițescu"" Pitești, localitatea Pitești, județul Argeș",448.315.726,249.098.092,Colegiu
Argeș,"Școala Gimnazială ""Adrian Păunescu"", din mun.Pitești, județul Argeș",448.723.247,248.395.944,Școală Gimnazială
Argeș,"Liceul Tehnologic ""Regele Mihai I"" Curtea de Argeș, din localitatea Curtea de Argeș, județul Argeș",45.153.452,246.760.829,Liceu Tehnologic
Argeș,"Grădinița cu program prelungit ""Campionii"", Mioveni, Argeș",448.927.436,248.224.607,Grădinița
Argeș,"Școala Gimnazială Nr.1 Vulturești, Argeș",450.717.448,250.832.134,Școală Gimnazială
Argeș,"Școala Gimnazială Nr. 1 Poienarii de Muscel, Argeș",452.337.584,250.807.909,Școală Gimnazială
Bacău,"Școala Gimnazială ""Mihail Sadoveanu"", județul Bacău",465.818.124,269.057.653,Școală Gimnazială
Bacău,"Centrul Școlar de Educație Incluzivă Nr. 1 Bacău, localitatea Bacău, județul Bacău",465.338.083,269.159.272,Centrul Școlar de Educație Incluzivă
Bacău,"Școala Gimnazială George Bacovia, Bacău",465.508.207,269.103.858,Școală Gimnazială
Bacău,"Școala ""Domnița Maria"", județul Bacău",465.436.032,269.144.571,Școală
Bacău,"Şcoala Gimnazială ""Nicolae Iorga"" Bacău",46.538.779,26.919.882,Școală Gimnazială
Bacău,"Școala Nr. 10 Bacău, județul Bacău",465.504.404,269.149.881,Școală
Bacău,"Centrul Județean de Resurse și Asistență Educațională Bacău, județul Bacău",465.681.191,269.050.289,Centrul Județean de Resurse și Asistență Educațională
Bacău,"Colegiul Național ""Grigore Moisil"" Onești, județul Bacău",462.480.237,267.615.017,Colegiu Național
Bacău,"Școala Gimnazială ""Nicolae Bălcescu"", Comuna ""Nicolae Bălcescu"", județul Bacău",464.828.024,26.916.809,Școală Gimnazială
Bacău,"Școala Gimnazială ""Mihai Eminescu"", oraș Buhuși, județul Bacău",4.666.194.309.999.990,267.734.302,Școală Gimnazială
Bacău,"Liceul Tehnologic Târgu Ocna, din localitatea Târgu Ocna, județul Bacău",46.278.989,266.038.603,Liceu Tehnologic
Bacău,"Școala Gimnazială Horgești, Horgești"" Județul Bacău",464.369.288,270.698.744,Școală Gimnazială
Bihor,"Colegiul Național ""Octavian Goga"" din localitatea Marghita, județul Bihor",4.734.791.939.999.990,223.397.566,Colegiu Național
Bihor,"Școala Gimnazială ""Dimitrie Cantemir"" Oradea, județul Bihor",470.404.202,219.403.762,Școală Gimnazială
Bihor,"Liceul Teoretic Nr.1 Bratca, Bratca, Județul Bihor",469.270.638,226.012.973,Liceu Teoretic
Bihor,"Școală Gimnazială ""Oltea Doamna"", Județul Bihor",4.705.730.759.999.990,219.369.044,Școală Gimnazială
Bihor,"Centrul Școlar de Educație Incluzivă nr.1 din localitatea Oradea, județul Bihor",470.640.602,219.286.473,Centrul Școlar de Educație Incluzivă
Botoșani,"Școala Gimnazială Nr. 10 Botoșani, din mun.Botoșani, județul Botoșani",477.373.371,266.657.254,Școală Gimnazială
Botoșani,"Școala Gimnazială Nr.1 Copălău, din localitatea Copălău, județul Botoșani",476.171.756,268.503.982,Școală Gimnazială
Botoșani,"Școala Gimnazială ""Leon Dănăilă"" Darabani, din localitatea Darabani, județul Botoșani",48.188.609,265.892.803,Școală Gimnazială
Botoşani,"Școala Gimnazială ""Spiru-Haret"", localitatea Dorohoi, județul Botoşani",479.513.291,263.920.195,Școală Gimnazială
Botoșani,"Colegiul Național ""Mihai Eminescu"", Botoșani, județul Botoșani",477.433.574,266.489.086,Colegiu Național
Botoșani,"Liceul Tehnologic Bucecea, localitatea Bucecea, județul Botoșani",477.722.407,264.371.493,Liceu Tehnologic
Botoșani,"Școala Profesională Specială ""Sf.Stelian"", din mun. Botoșani, județul Botoșani",477.343.891,266.618.406,Școală Profesională Specială
Brașov,"Școala Gimnazială Crizbav, GPN structura Cutuș, județul Brașov",458.146.715,254.645.464,Școală Gimnazială
Brașov,"Colegiul Național de Informatică ""Grigore Moisil"" Brașov, județul Brașov",456.444.625,25.625.122,Colegiu Național de Informatică
Brașov,"Școala Gimnazială Prejmer, din localitatea Prejmer, județul Brașov",457.218.993,257.725.833,Școală Gimnazială
Brașov,"Școala Gimnazială Nr. 3 Codlea, județul Brașov",4.563.792.309.999.990,254.172.413,Școală Gimnazială
Brașov,"Școala Gimnazială nr 3 Râșnov, din localitatea Râșnov, județul Brașov",455.868.945,25.456.046,Școală Gimnazială
Brăila,"Școala Gimnazială ""Nikos Kazantzakis"", mun. Brăila, județul Brăila",452.699.951,27.977.589,Școală Gimnazială
Brăila,"Școala Gimnazială ""Ion Creanga"", din mun. Brăila, județul Brăila",452.680.091,279.697.499,Școală Gimnazială
Brăila,"Școala Gimnazială ""Ion Băncilă"", localitatea Brăila, județul Brăila",452.664.265,279.604.358,Școală Gimnazială
București,"Colegiul Național ""Gheorghe Șincai"" București, București",444.143.627,261.050.408,Colegiu Național
București,"Colegiul Național ""Mihai Viteazul"" București, București",444.394.141,261.251.258,Colegiu Național
București,"Școala Gimnazială nr 168, Sector 6, București",444.513.693,26.057.677,Școală Gimnazială
București,"Grădinița Nr.111, București, Sector 6",4.442.315.929.999.990,260.464.349,Grădinița
București,"Liceul Tehnologic ""Sfântul Antim Ivireanu"", București, Sector 6",44.424.346,260.289.612,Liceu Tehnologic
București,"Grădinița ""Spiridușii"", București, Sectorul 6",444.166.763,260.325.411,Grădinița
București,"Școala Gimnazială Nr. 112, din mun. București, Sectorul 3",444.138.463,261.664.878,Școală Gimnazială
București,"Școala Gimnazială nr. 79, mun. București, Sector 4",444.229.771,261.062.992,Școală Gimnazială
București,"Liceul Teoretic Hyperion, sector 3, București",444.283.735,261.375.975,Liceu Teoretic
București,"Școala Primară Conil, București",444.107.366,260.281.494,Școală Primară
București,"Colegiul Național Gheorghe Șincai, București",444.142.473,261.036.877,Colegiu Național
București,"Școala Gimnazială ""Cezar Bolliac"", București",444.289.803,261.376.437,Școală Gimnazială
București,"Școala Gimnazială nr 86, București",444.231.915,261.478.977,Școală Gimnazială
București,"Școala Gimnazială ""Ion Heliade Rădulescu"" București",444.552.333,260.836.501,Școală Gimnazială
București,"Școala ""Gimnazială General Eremia Grigorescu"", București",443.807.159,2.613.715,Școală Gimnazială
București,"Liceul Teoretic ""Benjamin Franklin"", sector 5, municipiul București",444.295.661,261.524.015,Liceu Teoretic
București,"Școala Gimnazială Nr. 195, Sector 3, București",444.212.797,261.611.248,Școală Gimnazială
Buzău,"Școala Gimnazială ""înv. Clemența Beșchea"" Căpățânești, localitatea Mărăcineni, județul Buzău",451.857.205,268.009.964,Școală Gimnazială
Buzău,"Școala Gimnazială ""Gheorghe Vernescu"", municipiul Râmnicu Sarat, județul Buzău",4.537.250.969.999.990,270.504.909,Școală Gimnazială
Buzău,"Școala Gimnazială Nr.7, județul Buzău",451.487.617,268.390.216,Școală Gimnazială
Caraş-Severin,"Colegiul Național ""Mircea Eliade"", Reșița",453.223.157,218.841.732,Colegiu Național
Călăraşi,"Liceul Teoretic ""Mihai Eminescu"" Călarași, județul Călarași",44.202.313,273.169.589,Liceu Teoretic
Călăraşi,"Școala Gimnazială ""Mircea Vodă"", Călăraşi, județul Călăraşi",44.209,273.079.243,Școală Gimnazială
Cluj,"Școala Gimnazială ""Iuliu Hațieganu"",Cluj-Napoca, județul Cluj",4.675.700.870.000.000,235.511.161,Școală Gimnazială
Cluj,"Grădinița cu Program Prelungit ""Lumea Copiilor"" Cluj-Napoca, județul Cluj",467.805.081,236.162.601,Grădinița cu Program Prelungit
Cluj,"Colegiul Național Pedagogic ""Gheorghe Lazăr"" Cluj-Napoca",467.709.082,236.276.387,Colegiu Național Pedagogic
Constanţa,"Şcoala Gimnazială nr.8 Constanţa, judeţul Constanţa",441.716.112,286.164.176,Şcoală Gimnazială
Constanța,"Grădinița cu Program Prelungit nr. 33 Constanța, județul Constanța",441.882.682,286.285.026,Grădinița cu Program Prelungit
Constanța,"Școala Gimnazială nr.16 ""Marin Ionescu Dobrogianu"" Constanța, județul Constanța",438.218.813,285.801.269,Școală Gimnazială
Constanța,"Grădinița cu Program Prelungit ""Steluțele Mării"", Constanța, județul Constanța",441.742.272,286.238.912,Grădinița cu Program Prelungit
Constanța,"Liceul Teoretic ""Ioan Cotovu"", Constanța, județul Constanța",446.871.127,279.525.597,Liceu Teoretic
Constanța,"Școala Gimnazială ""Adrian V. Rădulescu"" Murfatlar- G.P.N. Nr. 2, județul Constanța",441.784.025,284.069.454,Școală Gimnazială
Constanța,"C.J.R.A.E. Constanța, județul Constanța",441.995.205,286.465.217,C.J.R.A.E.
Constanța,"Școala Gimnazială Pantelimon, din localitatea Pantelimon, județul Constanța",444.503.436,262.278.065,Școală Gimnazială
Constanța,"Grădinița cu Program Prelungit nr. 1 Valu lui Traian, din localitatea Valu lui Traian, județul Constanța",441.648.605,28.480.182,Grădinița cu Program Prelungit
Constanța,"Liceul Tehnologic ""Gheorghe Duca"" Constanța, județul Constanța",441.667.912,285.807.897,Liceu Tehnologic
Constanța,"Școala Gimnazială Nr 23 ""Constantin Brancoveanu"" Constanța, județul Constanța",44.180.933,286.176.332,Școală Gimnazială
Constanța,"Școala Gimnazială Nr.22"" ""I.C.Brătianu"", Constanța, județul Constanța",441.721.926,286.292.326,Școală Gimnazială
Constanța,"Liceul Tehnologic ""Axiopolis"" Cernavodă, Județul Constanța",44.333.671,280.376.127,Liceu Tehnologic
Constanța,"Grădiniță cu program normal ""Năsturel"" Constanța",441.759.147,286.519.359,Grădiniță cu program normal
Constanța,"Centrul Școlar pentru Educație Incluzivă ""Delfinul"" Constanța, județul Constanța",44.189.209,2.863.731,Centrul Școlar pentru Educație Incluzivă
Constanța,"Liceul Teoretic ""Decebal"" Constanța Grădinița ""Flipper"" - structură, Constanța",442.109.876,286.273.456,Liceu Teoretic
Constanța,"Şcoala Gimnazială nr 24 ""Ion Jalea"" Constanța, județul Constanța",441.310.739,28.604.751,Şcoală Gimnazială
Dâmbovița,"Școala Gimnazială Pătroaia-Vale din localitatea Crângurile, județul Dâmbovița",447.247.195,252.251.243,Școală Gimnazială
Dâmbovița,"Școala Gimnazială ""Matei Gr Vladeanu"" Cândești Vale, din localitatea Cândești, județul Dâmbovița",450.870.036,252.143.617,Școală Gimnazială
Dâmbovița,"Școala Gimnazială Nr. 4 ""Elena Donici Cantacuzino"", județul Dâmbovița",4.507.248.269.999.990,25.436.194,Școală Gimnazială
Dâmbovița,"Școala Gimnazială ""Mihai Viteazul"" Pucioasa, județul Dâmbovița",4.507.832.399.999.990,254.313.862,Școală Gimnazială
Dimbovita,"Școala Gimnazială ""Matei Basarab"" Târgoviște, din localitatea Târgoviște, județul Dâmbovița",449.301.408,254.420.148,Școală Gimnazială
Dolj,"Grădinița cu program prelungit ""Curcubeul Copilăriei"" Craiova, județul Dolj",443.318.106,237.941.122,Grădinița cu program prelungit
Dolj,"Liceul ""Voltaire"" Craiova, județul Dolj",443.071.867,238.226.512,Liceul
Dolj,"Școala Gimnazială ""Nicolae Romanescu"", municipiul Craiova, județul Dolj",443.044.073,238.140.437,Școală Gimnazială
Dolj,"Grădinița cu Program Prelungit""Floare Albastră "" Craiova, județul Dolj",443.022.179,237.923.566,Grădinița cu Program Prelungit
Dolj,"Şcoala Gimnazială Vârtop, județul Dolj",442.092.785,233.454.514,Şcoală Gimnazială
Dolj,"Școala Gimnazială Breasta, Dolj",443.418.935,236.901.747,Școală Gimnazială
Dolj,"Școala Gimnazială ""Lascăr Catargiu"", Craiova, Județul Dolj",443.068.645,237.829.297,Școală Gimnazială
Galați,"Școala Gimnazială Româno-Britanică,Galați, județul Galați",45.409.913,28.015.708,Școală Gimnazială
Galați,"Colegiul Național ""Vasile Alecsandri"", Galați, județul Galați",4.544.077.619.999.990,280.517.332,Colegiu Național
Galați,"Școala Profesională Specială ""Emil Gârleanu"", Galați, județul Galați",454.440.612,280.511.436,Școală Profesională Specială
Galați,"Școala Gimnazială nr 2 Barcea, din localitatea Barcea, județul Galați",457.530.125,274.690.679,Școală Gimnazială
Galați,"Școala Gimnazială Nr. 28 Galați, județul Galați",454.288.125,280.493.125,Școală Gimnazială
Galați,"Școala Gimnazială ""Negoiță Dănăilă"" sat Bucești, Galați",456.617.863,275.245.768,Școală Gimnazială
Galați,"Școala Gimnazială Specială ""Constantin Pufan"" Galați, județul Galați",454.493.558,280.246.281,Școală Gimnazială Specială
Galați,"Școala Gimnazială ""Sfantul Nicolae"", Județul Galați",454.347.383,28.022.658,Școală Gimnazială
Galați,"Școala Gimnazială Nr. 2 Liești, județul Galați",456.326.589,275.345.231,Școală Gimnazială
Galați,"Școala Gimnazială nr 29 Galați, judeţul Galați",454.150.702,280.163.473,Școală Gimnazială
Giurgiu,"Școala Gimnazială nr.2 Cartojani, Cartojani, județul Giurgiu",44.432.022,254.909.035,Școală Gimnazială
Giurgiu,"Liceul Tehnologic ""Dimitrie Bolintineanu"", localitatea Bolintin-Vale, județul Giurgiu",444.462.392,257.566.684,Liceu Tehnologic
Gorj,"Grădinița cu Program Prelungit Nr. 8 Târgu-Jiu, județul Gorj",4.502.652.699.999.990,23.275.459,Grădinița cu Program Prelungit
Gorj,"Centrul Școlar pentru Educație Incluzivă Tg-Jiu, județul Gorj",4.506.703.720.000.000,232.910.644,Centrul Școlar pentru Educație Incluzivă
Gorj,"Grădinița cu Program Prelungit ""Vis de Copil"", Tg-Jiu, județul Gorj",450.363.696,232.718.095,Grădinița cu Program Prelungit
Gorj,"Școala Gimnazială ""Antonie Mogoș"", Ceauru, județul Gorj",450.124.012,232.025.983,Școală Gimnazială
Gorj,"Școala Gimnazială Nr. 1 Polovragi, județul Gorj",451.743,2.381.283,Școală Gimnazială
Gorj,"Liceul de Arte "" Constantin Brăiloiu"" din localitatea Tg-Jiu, județul Gorj",45.043.927,23.278.454,Liceul de Arte
Gorj,"Școala Gimnazială Țânțăreni din localitatea Țânțăreni, județul Gorj",4.459.486,234.919.296,Școală Gimnazială
Gorj,"Școala Gimnazială Capu Dealului din localitatea Brănești, județul Gorj",44.648.186,234.599.274,Școală Gimnazială
Gorj,"Școala Gimnazială Nr.1 Rovinari, din localitatea Rovinari, județul Gorj",4.489.489.150.000.000,231.618.706,Școală Gimnazială
Gorj,"Liceul Mătasari, din localitatea Mătasari, județul Gorj",448.448.521,230.906.882,Liceul
Gorj,"Școala Gimnazială Nr. 3 Rovinari, județul Gorj",448.981.992,23.164.578,Școală Gimnazială
Gorj,"Şcoala Gimnazială Nr.1 Bumbești -Jiu, Gorj",4.517.843.209.999.990,233.823.992,Şcoală Gimnazială
Gorj,"Colegiul Mihai Viteazul Bumbești -Jiu, Gorj",451.756.566,2.338.386,Colegiul
Gorj,Gradinița Nr. 1 Albeni; Gorj,450.269.456,236.020.925,Gradinița
Gorj,"Grădinița Nr. 2 Albeni , Gorj",447.042.686,230.919.095,Grădinița
Gorj,"Colegiul Național ""Spiru Haret"" Târgu Jiu, Gorj",450.278.806,23.278.474,Colegiu Național
Gorj,"Școala Gimnazială Căpreni, Gorj",447.448.359,236.255.595,Școală Gimnazială
Gorj,"Școala Gimnazială Săcelu, Gorj",4.509.773.149.999.990,235.403.491,Școală Gimnazială
Gorj,"Școala Gimnazială ""Gheorghe Tatarescu"", Târgu Jiu, Gorj",450.286.121,232.719.612,Școală Gimnazială
Gorj,"Școala Gimnazială ""Aurel Teodorescu"" Stejari, Gorj",451.562.695,232.581.734,Școală Gimnazială
Gorj,"Colegiul Național ""George Coșbuc"" Motru, Gorj",448.057.385,22.966.584,Colegiu Național
Gorj,Școala Gimnazială Scoarța,450.207.403,234.665.469,Școală Gimnazială
Gorj,"Școala Gimnazială ""Antonie Mogoș"" Bălești, Gorj",450.124.012,232.025.983,Școală Gimnazială
Gorj,"Școala Gimnazială Godinești, Gorj",4.500.697.659.999.990,229.649.877,Școală Gimnazială
Gorj,"Școala Gimnazială nr 2, Motru, Gorj",448.027.376,229.728.558,Școală Gimnazială
Gorj,"Școala Gimnazială Padeș, Gorj",450.199.913,228.575.431,Școală Gimnazială
Gorj,"Grădinița cu Program Prelungit ""Mihai Eminescu"", Targu Jiu, Județul Gorj",450.264.508,232.788.618,Grădinița cu Program Prelungit
Gorj,"Gradinita cu Program Prelungit:""Lumea Copiilor'', Targu Jiu, Județul Gorj",450.341.839,232.746.076,Gradinita cu Program Prelungit
Gorj,"Școala Gimnazială Alexandru Ștefulescu, Tg- Jiu, Județul Gorj",450.383.672,232.757.756,Școală Gimnazială
Gorj,"Grădinița Program Prelungit Nr. 1, Tg.Jiu, Județul Gorj",450.286.121,232.719.612,Grădinița Program Prelungit
Gorj,"Liceul Tehnologic Bâlteni, Județul Gorj",448.646.644,232.790.984,Liceu Tehnologic
Gorj,"Școala Gimnazială Nr. 1 Andreești, Comuna Vladimir, Județul Gorj",447.825.813,235.394.011,Școală Gimnazială
Gorj,"Colegiul Economic ""Virgil Madgearu"" Târgu Jiu, Județul Gorj",450.385.935,232.861.783,Colegiul Economic
Gorj,"Liceul Tehnologic Nr.2 Târgu Jiu, Județul Gorj",45.031.479,232.689.105,Liceu Tehnologic
Gorj,"Liceul Tehnologic Roșia de Amaradia, Școala Gimnazială Ruget, Județul Gorj",45.016.658,237.642.216,Liceu Tehnologic
Gorj,"Școala Gimnazială Nr.1 Motru, Județul Gorj",448.035.496,229.712.918,Școală Gimnazială
Gorj,"Grădinița cu Program Prelungit Nr. 8, Târgu-Jiu, Județul Gorj",4.502.652.699.999.990,23.275.459,Grădinița cu Program Prelungit
Gorj,"Liceul Auto Traian Vuia, Târgu-Jiu, Județul Gorj",450.657.369,232.936.388,Liceul Auto
Gorj,"Scoala Gimnazială Sănești, Târgu-Jiu, Județul Gorj",450.474.829,23.274.941,Scoala Gimnazială
Gorj,"Grădinița cu program prelungit nr.8 Structura Scufița Roșie, Târgu-Jiu, Județul Gorj",4.502.652.699.999.990,23.275.459,Grădinița cu program prelungit
Gorj,"Colegiul Național ""Ecaterina Teodoroiu"", Târgu-Jiu, Județul Gorj",4.502.815.450.000.000,232.710.831,Colegiu Național
Gorj,"Liceul Teologic Târgu Jiu, Gorj",450.310.209,232.783.754,Liceul Teologic
Gorj,"Grădinița Prikin'Dell Tg-Jiu, Gorj",450.361.109,232.556.377,Grădinița
Gorj,"Școala Gimnazială Alimpești, județul Gorj",450.891.471,238.021.994,Școală Gimnazială
Gorj,"Școala Gimnazială Ionești, judeţul Gorj",4.494.855.949.999.990,232.427.079,Școală Gimnazială
Gorj,"Școala Gimnazială Novaci, județul Gorj",451.782.926,23.672.086,Școală Gimnazială
Gorj,"Școala Gimnazială nr.1 Telești, localitatea Telești, județul Gorj",449.864.753,230.931.087,Școală Gimnazială
Hunedoara,"Liceul Tehnologic ""Retezat"" Uricani, judeţul Hunedoara",45.340.086,231.533.879,Liceu Tehnologic
Iași,"Grădinița ""AngelKids"" din localitatea Iași, județul Iași",471.674.241,275.760.845,Grădinița
Iaşi,"Şcoala Gimnazială ""Mihai Codreanu"" Iaşi, din localitatea Iași, județul Iași",4.716.671.849.999.990,275.882.313,Şcoală Gimnazială
Iași,"Școala Gimnazială ""Ion Neculce"" Iași, județul Iași",4.715.273.310.000.000,275.771.424,Școală Gimnazială
Iași,"Centrul Județean de Resurse și Asistență Educațională Iași, județul Iași",4.716.491.509.999.990,275.867.552,Centrul Județean de Resurse și Asistență Educațională
Iași,"Colegiul Tehnic ""Ion Holban"", județul Iași",471.485.515,275.761.483,Colegiul Tehnic
Iași,"Liceul Teoretic ""Alexandru Ioan Cuza"" Iași, județul Iași",471.618.609,276.106.488,Liceul Teoretic
Iași,"Colegiul Național de Artă ""Octav Băncilă"" Iași, județul Iași",47.165.023,2.758.542,Colegiul Național de Artă
Iași,"Școala Gimnazială ""Iordache Cantacuzino"" Pașcani, din localitatea Pașcani, județul Iași",472.458.122,267.262.673,Școală Gimnazială
Iași,"Școala Gimnazială ""D.D.Pătrășcanu"", Tomești, Județul Iași",47.135.613,276.920.495,Școală Gimnazială
Iași,"Colegiul Economic Administrativ Iași, Județul Iași",471.669.924,275.887.311,Colegiul Economic Administrativ
Iași,"Școala Gimnazială ""Ion Ghica"" Iași, Județul Iași",471.512.159,275.978.076,Școală Gimnazială
Iași,"Liceul Teoretic ""Miron Costin"" Iași, Județul Iași",47.255.837,26.721.498,Liceul Teoretic
Iași,"Școala Gimnazială ""Carmen Sylva"" Iași, Județul Iași",47.180.491,275.019.399,Școală Gimnazială
Iași,"Colegiul Național ""Emil Racoviță"" Iași, județul Iași",4.714.876.940.000.000,275.870.503,Colegiu Național
Iași,"Școala Gimnazială nr. 1 Comarna, județul Iași",470.678.683,277.766.346,Școală Gimnazială
Ilfov,"Centrul Școlar pentru Educație Incluzivă Periș, localitatea Periș, județul Ilfov",44.673.679,259.905.729,Centrul Școlar pentru Educație Incluzivă
Ilfov,"Liceul Teoretic Nr. 1 Periș, localitatea Periș, județul Ilfov",446.741.992,259.919.556,Liceul Teoretic
Ilfov,"Școala Gimnazială Nr. 2, Crețești, localitatea Vidra, județul Ilfov",442.792.408,261.340.107,Școală Gimnazială
Ilfov,"Școala Gimnazială ""Petru Rareș"" din localitatea Chiajna, județul Ilfov",444.502.786,259.857.401,Școală Gimnazială
Ilfov,"Grădinița ""Rița-Gărgărița"", localitatea Brănești, județul Ilfov",44.456.526,263.362.248,Grădinița
Ilfov,"Școala Gimnazială Nr. 1, localitatea Bragadiru județul Ilfov",4.437.817,2.600.608,Școală Gimnazială
Ilfov,"Palatul Copiilor Și Elevilor Ilfov, județul Ilfov",445.602.355,259.449.386,Palatul Copiilor Și Elevilor
Ilfov,"Liceul cu program sportiv prelungit ""Helmut Duckadam"", Clinceni, județul Ilfov",443.783.044,259.418.086,Liceul cu program sportiv prelungit
Maramureș,"Liceul Tehnologic Ocna Șugatag, Ocna Șugatag, județul Maramureș",477.809.322,239.377.118,Liceu Tehnologic
Maramureș,"Școala Gimnazială Remetea Chioarului, din localitatea Remetea Chioarului, județul Maramureș",4.752.924.729.999.990,235.438.645,Școală Gimnazială
Maramureș,"Școala Profesională nr.1 Vișeu de Sus, Județul Maramureș",4.771.145.079.999.990,244.295.382,Școală Profesională
Maramureș,"Liceul Tehnologic Agricol ""Alexiu Berinde"", Seini, județul Maramureș",477.468.555,232.764.124,Liceu Tehnologic Agricol
Mureș,"Palatul Copiilor Târgu Mureș - structura Sighișoara, județul Mureș",4.653.920.859.999.990,245.691.492,Palatul Copiilor
Mureș,"Liceul Tehnologic ""Ion Vlasiu"" Târgu Mureș, Județul Mureș",4.655.832.410.000.000,245.784.532,Liceu Tehnologic
Mureș,"Grădinița cu program prelungit ""Emanuel"", județul Mureș",467.717.104,247.010.334,Grădinița cu program prelungit
Neamț,"Seminarul Teologic Ortodox"" Veniamin Costachi"" Mănăstirea Neamț , județul Neamț",472.612.621,262.149.239,Seminarul Teologic Ortodox
Neamț,"Școala Gimnazială Nr. 8 Piatra Neamț, din mun. Piatra Neamț, județul Neamț",469.409.299,263.815.535,Școală Gimnazială
Neamț,"Școala Profesională, Comuna Valea Ursului din județul Neamț",467.995.364,270.784.798,Școală Profesională
Neamț,"Liceul ""Vasile Conta"" Târgu Neamț, Neamț",472.042.781,263.620.924,Liceul
Neamț,"Clubul Copiilor Târgu Neamț, Neamț",472.082.535,263.683.444,Clubul Copiilor
Neamț,"Școala Gimnazială ""I. Gervescu"" Săvinești, judeţul Neamț",4.685.813,264.684.345,Școală Gimnazială
Neamț,"Școala Gimnazială Comuna Grumăzești, Comuna Grumăzești, județul Neamț",471.398.434,263.782.893,Școală Gimnazială
Neamț,"Școala Gimnazială nr.3 Piatra Neamț, județul Neamț",468.872.236,264.162.366,Școală Gimnazială
Neamț,"Școala de Artă""Sergiu Celibidache"" Roman, localitatea Roman, județul Neamț",469.233.196,269.408.599,Școala de Artă
Olt,"Centrul Școlar pentru Educație Incluzivă Balș, localitatea Balș județul Olt",443.504.248,241.023.946,Centrul Școlar pentru Educație Incluzivă
Olt,"Școala Gimnazială ""Ștefan Protopopescu"" Slatina, județul Olt",4.442.647.789.999.990,243.657.526,Școală Gimnazială
Olt,"Liceul Teoretic ""Nicolae Titulescu"", din mun. Slatina, județul Olt",444.265.284,24.369.572,Liceul Teoretic
Olt,"Liceul Teoretic ""Mihai Viteazul"", Caracal Județul Olt",441.152.065,243.455.428,Liceul Teoretic
Olt,"Școala Gimnazială Vulturești, din localitatea Vulturești, județul Olt",447.203.127,243.134.015,Școală Gimnazială
Prahova,"Școală Gimnazială, Comuna Bătrâni, Județul Prahova",4.531.458.019.999.990,261.472.137,Școală Gimnazială
Salaj,"Școala Gimnazială Nr 1 IP, IP, județul Sălaj",472.281.705,2.260.632,Școală Gimnazială
Salaj,"Grădinița "" Prichindel"" Jibou, Judetul Salaj",472.599.029,232.587.938,Grădinița
Saru Mare,"Liceul Tehnologic de Industrie Alimentara ""George Emil Palade"" Satu Mare, Județul Satu Mare",47.788.006,22.857.783,Liceu Tehnologic de Industrie Alimentara
Satu Mare,"Școala Gimnazială Sauca, localitatea Sauca, județul Satu Mare",47.467.341,224.916.729,Școală Gimnazială
Satu Mare,"Liceul Tehnologic ""Simion Bărnuțiu"", localitatea Carei, județul Satu Mare",476.846.037,224.607.559,Liceu Tehnologic
Satu Mare,"Școala Gimnazială Botiz, localitate Botiz, județul Satu Mare",47.900.496,229.485.103,Școală Gimnazială
Satu Mare,"Liceul Tehnologic ""Iuliu Maniu"" Carei, localitatea Carei, județul Satu Mare",4.768.863.140.000.000,224.670.605,Liceu Tehnologic
Satu Mare,"Școala Gimnazială "" Vasile Lucaciu"" Carei, localitatea Carei, județul Satu Mare",476.859.421,224.707.559,Școală Gimnazială
Satu Mare,"Școala Gimnazială ""Mihai Viteazul""Moftinu Mic, din localitatea Moftinu Mic, județul Satu Mare",476.861.326,225.999.837,Școală Gimnazială
Satu Mare,"Liceul Tehnologic ""Unio-Traian Vuia"" Satu Mare, județul Satu Mare",477.752.814,228.813.535,Liceu Tehnologic
Satu Mare,"Școala Gimnazială Tășnad, din localitatea Tășnad, județul Satu Mare",474.744.758,225.859.165,Școală Gimnazială
Satu Mare,"Liceul Tehnologic de Industrie Alimentară ""George Emil Palade"" Satu Mare, Județul Satu Mare",47.788.006,22.857.783,Liceu Tehnologic de Industrie Alimentară
Satu Mare,"Liceul cu program sportiv Satu Mare, Județul Satu Mare",477.960.884,228.885.166,Liceul cu program sportiv
Satu Mare,"Școala Gimnazială ""Grigore Moisil"", județul Satu Mare",477.949.156,228.784.259,Școală Gimnazială
Sibiu,Școala Gimnazială Poplaca județul Sibiu,457.280.541,24.050.205,Școală Gimnazială
Sibiu,"Liceul Tehnologic ""Avram Iancu"", localitatea Sibiu, județul Sibiu",457.910.619,241.519.139,Liceu Tehnologic
Sibiu,"Colegiul Economic ""George Barițiu"" Sibiu, localitatea Sibiu"", județul Sibiu",457.841.143,241.503.914,Colegiul Economic
Sibiu,"Colegiul Naţional ""Octavian Goga"" Sibiu",457.935.506,241.458.825,Colegiu Naţional
Sibiu,"Liceul Tehnologic de Industrie Alimentară ""Terezianum"", Sibiu",458.065.259,2.414.977,Liceu Tehnologic de Industrie Alimentară
Sibiu,"Liceul Teoretic ""Onisifor Ghibu"" Sibiu",4.578.996.790.000.000,241.351.508,Liceul Teoretic
Sibiu,"Liceul Teoretic Constantin Noica Sibiu, Județul Sibiu",457.773.289,241.542.112,Liceul Teoretic
Sibiu,"Școala Gimnazială ""Radu Selejan"" Sibiu, Județul Sibiu",457.834.008,24.167.234,Școală Gimnazială
Sibiu,"Școala Gimnazială Alma-Structura Șmig, Sibiu",462.260.117,244.441.069,Școală Gimnazială
Sibiu,"Școala Gimnazială ""Ion Luca Caragiale"" Sibiu",457.766.134,241.415.077,Școală Gimnazială
Sibiu,Şcoala Gimnazială Nr.25 Sibiu,457.689.187,241.276.181,Şcoală Gimnazială
Sibiu,"Şcoala Gimnazială Blăjel, Sibiu",462.058.516,243.224.312,Şcoală Gimnazială
Sibiu,"Școala Gimnazială Nr.21, Sibiu",4.578.064.579.999.990,241.588.699,Școală Gimnazială
Sibiu,"Școala Gimnazială Șeica Mare, Sibiu",460.239.949,241.582.483,Școală Gimnazială
Sibiu,"Colegiul Național Pedagogic ""Andrei Șaguna"" Sibiu",457.820.798,241.540.857,Colegiu Național Pedagogic
Sibiu,"Școala Gimnazială nr.10 Sibiu, județul Sibiu",457.895.633,241.183.376,Școală Gimnazială
Suceava,"Colegiul Tehnic ""Samuil Isopescu"" - C.J.R.A. E., Suceava, județul Suceava",476.388.968,262.603.124,Colegiul Tehnic
Suceava,"Clubul Sportiv Şcolar Rădăuţi, localitatea Rădăuţi, județul Suceava",478.413.129,259.256.751,Clubul Sportiv Şcolar
Suceava,"Grădinița cu Program Normal ""Țăndărică"" Suceava, județul Suceava",476.379.813,262.338.051,Grădinița cu Program Normal
Suceava,"Colegiul Tehnic ""Samuil Isopescu"", judeţul Suceava",476.388.968,262.603.124,Colegiul Tehnic
Teleorman,"Colegiul Național ""Unirea"", din localitatea Turnu Măgurele, județul Teleorman",437.441.888,248.680.633,Colegiu Național
Teleorman,"Școala Gimnazială Lisa, localitatea Lisa, județul Teleorman",437.930.133,251.451.652,Școală Gimnazială
Teleorman,"Școala Gimnazială Bogdana, județul Teleorman",439.214.924,250.921.803,Școală Gimnazială
Timiș,"Liceul Teologic Romano-Catolic ""Gerhardinum"", județul Timiș",457.529.174,212.219.155,Liceul Teologic Romano-Catolic
Timiș,"Liceul Teoretic Recaș, din localitatea Recaș, județul Timiș",458.011.245,215.127.677,Liceul Teoretic
Timiș,"Școala Gimnazială Anghel Saligny Banloc și Școala Gimnazială Livezile, din localitatea Banloc județul Timiș",453.898.896,211.392.785,Școală Gimnazială
Timiș,"Liceul Teoretic Buziaș, Județul Timiș",456.473.823,216.050.621,Liceul Teoretic
Timiș,"Colegiul Național Pedagogic ""Carmen Sylva"" Timișoara, județul Timiș",4.575.407.480.000.000,212.358.498,Colegiu Național Pedagogic
Tulcea,"Seminarul Teologic Ortodox Sf. ""loan Casian"" Tulcea, structura Grădinița cu Program Prelungit nr. 12 Tulcea, județul Tulcea",451.776.773,287.871.502,Seminarul Teologic Ortodox
Tulcea,"Școala Gimnazială Dorobanțu, județul Tulcea",449.593.381,282.852.791,Școală Gimnazială
Vâlcea,"Colegiul Economic Râmnicu Vâlcea, din mun. Râmnicu Vâlcea, județul Vâlcea,",45.095.206,243.608.234,Colegiul Economic
Vâlcea,"Liceul ""Preda Buzescu"" Berbești, județul Vâlcea",449.749.737,238.622.905,Liceul
Vâlcea,"Școala Gimnazială nr.13/G.P.P.Ostroveni 3, localitatea Râmnicu Vâlcea, județul Vâlcea",450.948.983,243.756.188,Școală Gimnazială
Vaslui,"Școala Gimnazială Nr.1 / G.P.N. Sat Lunca Banului, județul Vaslui",465.973.081,281.673.685,Școală Gimnazială
Vaslui,"Școala Gimnazială ""Elena Cuza"" Vaslui, Vaslui, județul Vaslui",466.357.918,277.273.404,Școală Gimnazială
Vaslui,"Centrul Școlar de Educație Incluzivă din localitatea Negrești, județul Vaslui",468.368.943,274.594.818,Centrul Școlar de Educație Incluzivă
Vaslui,"Școala Gimnazială ""Gheorghe Cioata"" Sat Todiresti, Județul Vaslui",468.412.411,273.835.359,Școală Gimnazială
Vaslui,"Școala Gimnazială "" Ion Murgeanu "" Zorleni"", judeţul Vaslui",462.635.888,277.195.845,Școală Gimnazială
Vrancea,"Grădinița cu Program normal Lizuca, stuctură a Liceului Tehnologic ""Eremia Grigorescu"", Mărăștești, localitatea Mărășești, județul Vrancea",455.449.818,274.978.405,Grădinița cu Program normal
Vrancea,"Școala Gimnazială Bălești, Comuna Bălești, județul Vrancea",454.413.965,27.236.982,Școală Gimnazială
